theta_index,theta,obs_index,u,v,logpdf,derivative_1st,derivative_2nd
0,2.0,0,0.6925398018859044,0.5128655911150221,0.2376340557904646,0.07451672249156638,-0.0406102351886239
0,2.0,1,0.29041654825137186,0.6632920591607901,-0.39760009774944205,-0.34505662875618626,-0.026949203320235038
0,2.0,2,0.23231442449291906,0.11379031535567755,0.6194435528248707,-0.03770378644137118,-0.575083195248618
0,2.0,3,0.5502884737012335,0.13827705165079915,-1.174142233246565,-0.918832955477642,0.18393722495373804
0,2.0,4,0.7150795903898518,0.3255409943389419,-0.38101303063045755,-0.32921913105054834,-0.021316615344388418
0,2.0,5,0.42464433092197174,0.6583330499329189,0.11056277091281697,0.004396815724386549,-0.0762244979331555
0,2.0,6,0.9711489144169232,0.8395761007653076,0.7326585153419822,0.16350950327286373,-0.15328910102765503
0,2.0,7,0.681133143813166,0.5521921979007791,0.308346370504359,0.11915459060965383,-0.011681283728270486
0,2.0,8,0.48131326345467373,0.8473634377740147,-0.08466675278340219,-0.1805186532072458,-0.053843471954853596
0,2.0,9,0.3942751678302675,0.3871410550502459,0.5036034501092486,0.29226425897354735,0.09443683191428348
0,2.0,10,0.34631445582785203,0.3204521391760121,0.5997147224652863,0.3242600526024275,0.09530367862231921
0,2.0,11,0.7244687132363608,0.35717938207984495,-0.26671548557368663,-0.25564753620318603,-0.043929979325134656
0,2.0,12,0.4398007997860319,0.17766019262099708,-0.20197244941017978,-0.3359119531561139,-0.11557669742214187
0,2.0,13,0.06848433867737698,0.8225303818118527,-3.683177784687098,-2.1402697446526338,0.11173687572631384
0,2.0,14,0.4000833702238228,0.3418974289960401,0.5045290574162946,0.27920167418185526,0.05194639669620539
0,2.0,15,0.733235497617395,0.5513226737881917,0.258046051497014,0.06704820603217021,-0.043674953976304914
0,2.0,16,0.18884189584442998,0.5769804387466563,-0.7577921016024849,-0.6258434942138154,0.0761640051185637
0,2.0,17,0.18194272102454268,0.5211023982093856,-0.5667840600579552,-0.5326407550646923,0.022696849391985338
0,2.0,18,0.5309203463650016,0.012634303282834278,-5.745653717291383,-3.4012149934188294,0.0365830134160483
0,2.0,19,0.5311910353549287,0.9785785108971636,-0.1327201505084048,-0.2707894985229926,-0.030107884207893034
0,2.0,20,0.6317129393802946,0.8972347441483777,0.27463855554527195,-0.015824632707341912,-0.10090954491417214
0,2.0,21,0.8424431581962337,0.213483143972398,-1.5216095716694689,-0.991170615829192,0.1809006496989946
0,2.0,22,0.7199662183634226,0.29663962453657633,-0.5426928806032167,-0.43296977003035675,0.018882720173859332
0,2.0,23,0.6088030404640312,0.5196099500110337,0.334590595285869,0.16408176301282618,0.019496144492065548
0,2.0,24,0.7179945149188172,0.8938731452074572,0.4677679974482454,0.07959922051770241,-0.10196213242217804
0,2.0,25,0.32649973557611467,0.9739582672134888,-1.075280149435475,-0.7494639874550897,0.1520910155774546
0,2.0,26,0.36455288250986784,0.2623912228710014,0.5224832018409966,0.2322240998640095,-0.09051508325511452
0,2.0,27,0.2336979662613765,0.563071862066286,-0.363853227161556,-0.35699324439693925,-0.05081545642539793
0,2.0,28,0.2978397654610528,0.8008293104544355,-0.7785151627470484,-0.5737049691948788,0.08334404226155714
0,2.0,29,0.628356601377398,0.3964826528737193,0.10263231609690227,0.003190567002114175,-0.08536820904467307
0,2.0,30,0.10026284114617368,0.7264515751276659,-2.5649473539485506,-1.6086222379876673,0.18571238434507004
0,2.0,31,0.43502714922593766,0.16784763414063056,-0.2586146795066817,-0.3864313179583334,-0.08913601740939367
0,2.0,32,0.4322455080630509,0.5986845964769181,0.2388778890968366,0.10424082472217266,-0.04368932040582012
0,2.0,33,0.4938113956973001,0.8585471691371993,-0.0635394609011164,-0.17380678436656227,-0.05634949345955139
0,2.0,34,0.4273136844899114,0.9738511770194844,-0.5470921821006458,-0.47964793531372973,0.06839742831108736
0,2.0,35,0.316015998513016,0.0877784745704554,-0.479236887202088,-0.7436431527166345,0.13149817836778363
0,2.0,36,0.42782428082355206,0.42978032920693027,0.4535765139854666,0.2681650587002018,0.0855155273628089
0,2.0,37,0.8855213798547921,0.21045200235549916,-1.683941938593465,-1.0705871783837502,0.18639189720392937
0,2.0,38,0.935276817839802,0.4516237607083601,-0.3624309314077463,-0.3689675279435247,0.01889900042363655
0,2.0,39,0.5017999423666498,0.5468083011762769,0.3705906903989513,0.2041934281697948,0.05073944392095997
0,2.0,40,0.621473892756269,0.10146017616242434,-2.0911474779278905,-1.414152136253703,0.22129089332951019
0,2.0,41,0.1233060271777098,0.3009235599710659,0.15987462419797183,-0.2674579799006853,-0.2880445210986346
0,2.0,42,0.3209397721839145,0.9190325553491046,-0.9680184904895945,-0.6864684052409689,0.13121993062585363
0,2.0,43,0.41652968771455917,0.5676236568015914,0.2680490935637678,0.1285642229663524,-0.03687984998761305
0,2.0,44,0.8589829747256986,0.4582637575731397,-0.18588916355193685,-0.24218490415109994,-0.03390850668736201
0,2.0,45,0.25544625808857657,0.7484554709821523,-0.8865491760366835,-0.6431642296332978,0.10084138398234631
0,2.0,46,0.48337357897745026,0.7370249088051966,0.11161874956506601,-0.019440004747362183,-0.06944118980815459
0,2.0,47,0.9758485898984909,0.05760745218738341,-4.536666592363883,-2.4953071740395094,0.06546476801916618
0,2.0,48,0.5190954168746131,0.7045234475338911,0.23371364599901945,0.06700063247411037,-0.043719873325581055
0,2.0,49,0.6106366352477083,0.8324584808489819,0.28000034359755466,0.024804128323597796,-0.07543562741683334
0,2.0,50,0.12821609267051726,0.1726191265228148,1.1887797183454172,0.35530691146312154,-0.2724045608816174
0,2.0,51,0.8198139844966965,0.7753779792399582,0.542801525823853,0.14261428173659607,-0.050734772740650705
0,2.0,52,0.6009989258427089,0.2908058843945199,-0.19255453294778402,-0.21528147236384543,-0.08888439364260835
0,2.0,53,0.5441666463371356,0.31034035826296613,0.06856955648701657,-0.03439397446263959,-0.13093305811089956
0,2.0,54,0.34590855709882223,0.6619562360426894,-0.14369100821694136,-0.1711940339672693,-0.07929915954040734
0,2.0,55,0.3080383732466404,0.11916432817556143,0.05912437304208318,-0.33820711529370495,-0.22193720212766124
0,2.0,56,0.4186817668042076,0.6615749998272284,0.08893419431008454,-0.010926053635444521,-0.07938722637650455
0,2.0,57,0.6776747504769407,0.8800996568226982,0.3899831162203604,0.051014112117608645,-0.09498592433984095
0,2.0,58,0.8679477049592714,0.6923850428706982,0.42374456402720373,0.07374107059437818,-0.08614237238782853
0,2.0,59,0.5102138907284509,0.4415213191321009,0.380384975194179,0.21674062926930082,0.042761532409440334
0,2.0,60,0.6659275073030269,0.4394500966896802,0.1313402291571748,0.016648517516448358,-0.07059685473201488
0,2.0,61,0.5842178215109687,0.7597941733345204,0.2900713685898193,0.07015043846068325,-0.04531328523780517
0,2.0,62,0.6224054320536878,0.5643291612013651,0.3571782655141118,0.16829964216226712,0.029566312314197762
0,2.0,63,0.6711952699680683,0.09320607992798123,-2.477538332160746,-1.5950957914594621,0.19793407454123474
0,2.0,64,0.8354955888678521,0.5810176661041766,0.21111048381984387,-0.012484240490225007,-0.07864238873293233
0,2.0,65,0.09153108856578998,0.8085468288355415,-3.0570595870891495,-1.824490608879061,0.14957058323893416
0,2.0,66,0.7584091846144714,0.3403250557786578,-0.4326984513273757,-0.3633662649524587,-0.0009579620741358777
0,2.0,67,0.24879304704613653,0.9190250479838817,-1.4586392157281898,-0.9466643928833198,0.177781228322974
0,2.0,68,0.20033850136719544,0.7457026603363045,-1.3154429834991488,-0.8996162346374108,0.16827523141349296
0,2.0,69,0.5710078183416436,0.5725825486469651,0.370954228825501,0.18889790459206512,0.047827199043186164
0,2.0,70,0.10379826628013936,0.74661110901706,-2.5766615737972707,-1.6035990842488985,0.1826538020982987
0,2.0,71,0.8776202897496368,0.0875659815234411,-3.3862017477423745,-1.9602625438851629,0.12554814425065056
0,2.0,72,0.6247039926102433,0.8522012941669992,0.29435497144169,0.020632219535043017,-0.08301687993205867
0,2.0,73,0.7189480310261557,0.8150740309365467,0.47204518085382485,0.12130123039174567,-0.04788086193759797
0,2.0,74,0.025806622561116495,0.9016742264180047,-5.905512887202402,-3.2190622769786614,0.027917807590329937
0,2.0,75,0.5925432418561416,0.13605857355919243,-1.4048336349526451,-1.0313312017402962,0.20380273355260828
0,2.0,76,0.555649488546403,0.0901444853521055,-1.9962926250152968,-1.4113634518504856,0.23990786923394744
0,2.0,77,0.1657804512618283,0.14564726132595798,1.2367878617547525,0.4282063374468068,0.04198533184191047
0,2.0,78,0.16000910482227765,0.4013911359007441,-0.1408321186921775,-0.33618515329840637,-0.13971092436478696
0,2.0,79,0.6916189381954927,0.4258207238593721,0.046193110789837455,-0.04593167466104653,-0.07859128198581436
0,2.0,80,0.3223910978542388,0.5609740111562875,0.058783805336628525,-0.03646796910755601,-0.12238366098447395
0,2.0,81,0.6881308896211833,0.12979867863985495,-1.9099964089520896,-1.2688005701578087,0.20920811599645261
0,2.0,82,0.5532955847234167,0.20737151135374346,-0.504797955543304,-0.46488112267233817,-0.0034554634927743827
0,2.0,83,0.3911715626406817,0.8054114613183411,-0.3284349132134299,-0.30724568668197083,-0.014588039721550084
0,2.0,84,0.9166298398217063,0.4686278225756144,-0.25841784103496934,-0.30596796422763384,-0.008784216402378905
0,2.0,85,0.8348365969744619,0.801779445293938,0.5821075884409461,0.14988002719173144,-0.06124241642167426
0,2.0,86,0.3602496153495127,0.01727785097372077,-3.9601724301736425,-2.689129451916571,0.13487358727694496
0,2.0,87,0.05271963452305974,0.5505608714627573,-3.012393009744212,-1.9779064520107061,0.18330344170328589
0,2.0,88,0.30867271194287554,0.9232935051151445,-1.0537972528956372,-0.7325119169833454,0.1430291490996915
0,2.0,89,0.40022196827962137,0.5805319499629527,0.21378527868387742,0.0870842264460352,-0.06411604721704019
0,2.0,90,0.700859653842335,0.21197381289636869,-1.0513585993213752,-0.7563364666274555,0.1328001246388014
0,2.0,91,0.985451312393337,0.7134024110339664,0.4295971520206068,0.007710519697520013,-0.16177759006747222
0,2.0,92,0.35879656840311036,0.38140613270493934,0.5323748320037192,0.3021599360948648,0.09249487340392296
0,2.0,93,0.7572968575097251,0.6650162683142706,0.4058615959928713,0.12358480651655346,-0.020524350613447914
0,2.0,94,0.5913133782309767,0.038733328435895845,-3.8342364645866827,-2.374619070213499,0.11854760240034556
0,2.0,95,0.6878677627261736,0.633182352164329,0.384399387568767,0.1474027560010509,0.010807311368631556
0,2.0,96,0.15810490330111862,0.04155397623916552,0.10762936228736564,-0.7832994999498917,0.23836023058160316
0,2.0,97,0.4008987668716334,0.7398850420389306,-0.1375845384395351,-0.17543499900879533,-0.06181253754074703
0,2.0,98,0.246038779769152,0.473454742193686,0.061620734420784196,-0.08376379009491064,-0.17902960680938262
0,2.0,99,0.34658689376735846,0.12931926836359262,-0.10235305838648223,-0.39413256016919185,-0.13992924092113826
1,-1.5,0,0.6925398018859044,0.5128655911150221,0.12987297579460488,0.07786996123661938,-0.04637407628259005
1,-1.5,1,0.29041654825137186,0.6632920591607901,0.33125436418001275,0.15587510809334804,0.11751235860925902
1,-1.5,2,0.23231442449291906,0.11379031535567755,-1.7322275858082703,-1.4340002557994884,0.21224445084116822
1,-1.5,3,0.5502884737012335,0.13827705165079915,-0.3536010307166242,-0.4926114839463107,-0.11343430390521121
1,-1.5,4,0.7150795903898518,0.3255409943389419,0.47636333975160117,0.36285768556084763,-0.01430702052305935
1,-1.5,5,0.42464433092197174,0.6583330499329189,0.27219019953516455,0.1552702560373418,0.061481212728224405
1,-1.5,6,0.9711489144169232,0.8395761007653076,-3.9688916042998645,-2.959187527387698,0.30226578481283817
1,-1.5,7,0.681133143813166,0.5521921979007791,0.07280753203721879,0.02763579099203728,-0.06107888808028636
1,-1.5,8,0.48131326345467373,0.8473634377740147,0.07856976280566297,-0.07082630714716087,-0.07828307035062905
1,-1.5,9,0.3942751678302675,0.3871410550502459,0.10861281782383614,0.05891152531729915,-0.06219006635885338
1,-1.5,10,0.34631445582785203,0.3204521391760121,-0.12791496945774483,-0.15843739146303548,-0.09178258717007795
1,-1.5,11,0.7244687132363608,0.35717938207984495,0.4174090074862704,0.3118864497727558,-0.01828986255728246
1,-1.5,12,0.4398007997860319,0.17766019262099708,-0.4900214922694115,-0.5216318445977048,-0.07873014782304466
1,-1.5,13,0.06848433867737698,0.8225303818118527,0.5860944103400434,0.2067488441058457,-1.0690613251343675
1,-1.5,14,0.4000833702238228,0.3418974289960401,0.031098779402463528,-0.010863074151621799,-0.07807097423275697
1,-1.5,15,0.733235497617395,0.5513226737881917,-0.06071523745417995,-0.10684019515413157,-0.08029480961853976
1,-1.5,16,0.18884189584442998,0.5769804387466563,0.2150553794298551,0.04176920629145031,-0.2608838352947556
1,-1.5,17,0.18194272102454268,0.5211023982093856,0.10945520595851965,-0.033256380645027006,-0.1704969078131922
1,-1.5,18,0.5309203463650016,0.012634303282834278,-3.7562507005221377,-3.187053123027866,-0.10562841958265191
1,-1.5,19,0.5311910353549287,0.9785785108971636,-0.19402463449111318,-0.32898318043870156,0.2786416885703717
1,-1.5,20,0.6317129393802946,0.8972347441483777,-0.4142024705453724,-0.44524022701991406,0.31633360821886103
1,-1.5,21,0.8424431581962337,0.213483143972398,0.7994306148480614,0.4278393651536794,-0.09741476971251671
1,-1.5,22,0.7199662183634226,0.29663962453657633,0.5239694937807879,0.3912352450156349,-0.021677396175815794
1,-1.5,23,0.6088030404640312,0.5196099500110337,0.23163454659613603,0.18470048569647313,0.010593465273155994
1,-1.5,24,0.7179945149188172,0.8938731452074572,-0.7741790708496854,-0.7030290799691947,0.32343384928193525
1,-1.5,25,0.32649973557611467,0.9739582672134888,0.330503514618526,0.024357905830078463,0.5937658388917817
1,-1.5,26,0.36455288250986784,0.2623912228710014,-0.2851373402629642,-0.30043626597924833,-0.0743138874545959
1,-1.5,27,0.2336979662613765,0.563071862066286,0.21775480192799046,0.06830094773768414,-0.19735363595936462
1,-1.5,28,0.2978397654610528,0.8008293104544355,0.3834413970931838,0.1449222409312254,-0.11455565465298312
1,-1.5,29,0.628356601377398,0.3964826528737193,0.3594087437378928,0.30351067044898317,0.030071585823425645
1,-1.5,30,0.10026284114617368,0.7264515751276659,0.4315890671071849,0.12812804625917062,-0.5365981353516454
1,-1.5,31,0.43502714922593766,0.16784763414063056,-0.5708540268891449,-0.5940706203533268,-0.07355475098760503
1,-1.5,32,0.4322455080630509,0.5986845964769181,0.2761317258771623,0.1814838409446271,0.10586244405372772
1,-1.5,33,0.4938113956973001,0.8585471691371993,0.04020736982830497,-0.10366524350568018,-0.0020996227230750536
1,-1.5,34,0.4273136844899114,0.9738511770194844,0.09995548915810337,-0.12882343597651946,0.43201782183823567
1,-1.5,35,0.316015998513016,0.0877784745704554,-1.836288096900705,-1.5629743672905159,0.1120904404917969
1,-1.5,36,0.42782428082355206,0.42978032920693027,0.20732988422112353,0.15292478628918138,0.002363702371413645
1,-1.5,37,0.8855213798547921,0.21045200235549916,0.7367001084730092,0.2423919953334721,-0.12611786422089735
1,-1.5,38,0.935276817839802,0.4516237607083601,-1.3018067190377849,-1.3712461113961378,-0.1262592424370397
1,-1.5,39,0.5017999423666498,0.5468083011762769,0.2672160687387688,0.20423994972041948,0.07778207842585153
1,-1.5,40,0.621473892756269,0.10146017616242434,-0.3569263761316783,-0.6095296924578486,-0.14127520826827455
1,-1.5,41,0.1233060271777098,0.3009235599710659,-0.650438566953742,-0.6103384310370794,0.29414873513450124
1,-1.5,42,0.3209397721839145,0.9190325553491046,0.35257602919304754,0.069304574262534,-0.06596197672851356
1,-1.5,43,0.41652968771455917,0.5676236568015914,0.2764164172933459,0.18643644181942665,0.10853600831364443
1,-1.5,44,0.8589829747256986,0.4582637575731397,-0.3680810820946103,-0.49660245259262403,-0.1110706808496514
1,-1.5,45,0.25544625808857657,0.7484554709821523,0.39844160132969053,0.1639050031365954,0.18735535773601691
1,-1.5,46,0.48337357897745026,0.7370249088051966,0.16797922790973452,0.050875958549627676,-0.1588151809201273
1,-1.5,47,0.9758485898984909,0.05760745218738341,1.8338848968447152,0.10310675218862109,-0.10969975023870336
1,-1.5,48,0.5190954168746131,0.7045234475338911,0.1407067238164732,0.04790803761036111,-0.12410478397753005
1,-1.5,49,0.6106366352477083,0.8324584808489819,-0.23776250909398255,-0.29251651801173795,0.095145951893881
1,-1.5,50,0.12821609267051726,0.1726191265228148,-1.4190291953003316,-1.16840755155427,0.30921878278152987
1,-1.5,51,0.8198139844966965,0.7753779792399582,-1.1114692594289712,-0.9603936015685575,0.17689926757140678
1,-1.5,52,0.6009989258427089,0.2908058843945199,0.34161398023740563,0.2592099069823899,-0.01380057542424834
1,-1.5,53,0.5441666463371356,0.31034035826296613,0.24925449634779628,0.18780717050547757,-0.017252815988233583
1,-1.5,54,0.34590855709882223,0.6619562360426894,0.31415045533024344,0.16364128681043466,0.14324537734441076
1,-1.5,55,0.3080383732466404,0.11916432817556143,-1.4337021088973207,-1.246870106344815,0.09691016895357858
1,-1.5,56,0.4186817668042076,0.6615749998272284,0.275682982321348,0.15529181663973524,0.065010142849067
1,-1.5,57,0.6776747504769407,0.8800996568226982,-0.5638038560113028,-0.5479757250095023,0.2934197038147397
1,-1.5,58,0.8679477049592714,0.6923850428706982,-1.2940337917167843,-1.1362874493907986,0.08631062924972493
1,-1.5,59,0.5102138907284509,0.4415213191321009,0.2843444993577604,0.2368157192261191,0.058892378614932656
1,-1.5,60,0.6659275073030269,0.4394500966896802,0.3003939844116754,0.24258358256051826,0.00517858129434462
1,-1.5,61,0.5842178215109687,0.7597941733345204,-0.05503738021457094,-0.1253553948982895,-0.10646405313650395
1,-1.5,62,0.6224054320536878,0.5643291612013651,0.1548619150514261,0.10770568241423506,-0.0332510054691898
1,-1.5,63,0.6711952699680683,0.09320607992798123,-0.17047620054252555,-0.5177096787310322,-0.15090702512551468
1,-1.5,64,0.8354955888678521,0.5810176661041766,-0.6484237128914616,-0.6545926915154325,-0.06224426494013882
1,-1.5,65,0.09153108856578998,0.8085468288355415,0.5529698841546284,0.1950705256160391,-0.8788510042590509
1,-1.5,66,0.7584091846144714,0.3403250557786578,0.43586587896762996,0.29676347685478,-0.03870161942300829
1,-1.5,67,0.24879304704613653,0.9190250479838817,0.4735728085730866,0.14450965117669445,-0.5318984040913765
1,-1.5,68,0.20033850136719544,0.7457026603363045,0.4260430830610238,0.16416099488376412,0.06298430439510305
1,-1.5,69,0.5710078183416436,0.5725825486469651,0.206126227716239,0.1518036771888589,0.0012802753393260091
1,-1.5,70,0.10379826628013936,0.74661110901706,0.4610431141418758,0.14714818420863007,-0.6418774829276452
1,-1.5,71,0.8776202897496368,0.0875659815234411,1.2961216876939776,0.5039125400225286,-0.13671316498907152
1,-1.5,72,0.6247039926102433,0.8522012941669992,-0.3151866523319602,-0.35721153642879866,0.17718973380288666
1,-1.5,73,0.7189480310261557,0.8150740309365467,-0.6152806662691175,-0.5745566210798945,0.16964824732827427
1,-1.5,74,0.025806622561116495,0.9016742264180047,0.7366084274399647,0.2867207945782448,-1.227163266193897
1,-1.5,75,0.5925432418561416,0.13605857355919243,-0.18705007440213883,-0.37725152000157713,-0.11882762724624615
1,-1.5,76,0.555649488546403,0.0901444853521055,-0.8315681998650142,-0.9654750509374068,-0.12737150599630226
1,-1.5,77,0.1657804512618283,0.14564726132595798,-1.5663279613492156,-1.284616978831366,0.2816771853704122
1,-1.5,78,0.16000910482227765,0.4013911359007441,-0.21241281147282454,-0.27665569362195797,0.10354850938466013
1,-1.5,79,0.6916189381954927,0.4258207238593721,0.3042900010576277,0.23615077288255648,-0.008351242561836364
1,-1.5,80,0.3223910978542388,0.5609740111562875,0.25544362909933493,0.1376541408279126,0.006586307159959226
1,-1.5,81,0.6881308896211833,0.12979867863985495,0.2324982555347006,-0.0822564265409822,-0.12030023315205615
1,-1.5,82,0.5532955847234167,0.20737151135374346,0.036733746350721574,-0.07284032719658606,-0.08215403417928846
1,-1.5,83,0.3911715626406817,0.8054114613183411,0.2666871022604589,0.07765524152657721,-0.2750790005665215
1,-1.5,84,0.9166298398217063,0.4686278225756144,-1.0480960881024561,-1.1274564144225065,-0.11522659329803522
1,-1.5,85,0.8348365969744619,0.801779445293938,-1.302049187102578,-1.0986045046305315,0.2304163170030773
1,-1.5,86,0.3602496153495127,0.01727785097372077,-4.060284120826729,-3.192562234557438,0.1082859440819581
1,-1.5,87,0.05271963452305974,0.5505608714627573,0.0658272146895289,-0.1362217913436239,0.4439967258450399
1,-1.5,88,0.30867271194287554,0.9232935051151445,0.3739599869999579,0.0805824005694824,-0.06494984589078379
1,-1.5,89,0.40022196827962137,0.5805319499629527,0.2797242210831703,0.18056240942507662,0.1130249686667261
1,-1.5,90,0.700859653842335,0.21197381289636869,0.527162461025739,0.3316230632572097,-0.05705338703366991
1,-1.5,91,0.985451312393337,0.7134024110339664,-4.587901688896679,-3.481608636998642,0.20635009590040418
1,-1.5,92,0.35879656840311036,0.38140613270493934,0.04419312776510509,-0.005354305448022956,-0.09223225332921466
1,-1.5,93,0.7572968575097251,0.6650162683142706,-0.44409033459538083,-0.4370165121903371,-0.04252178302938456
1,-1.5,94,0.5913133782309767,0.038733328435895845,-1.7801417541641555,-1.8320026989413183,-0.15733780603158398
1,-1.5,95,0.6878677627261736,0.633182352164329,-0.11031727131236213,-0.14182577761120863,-0.09055867855535842
1,-1.5,96,0.15810490330111862,0.04155397623916552,-3.43124748313015,-2.5914655657841204,0.30228065850889796
1,-1.5,97,0.4008987668716334,0.7398850420389306,0.2742841322378018,0.11674536453052053,-0.09009628575875381
1,-1.5,98,0.246038779769152,0.473454742193686,0.07790907833088401,-0.022224507528449067,-0.16255936317589223
1,-1.5,99,0.34658689376735846,0.12931926836359262,-1.196591478254132,-1.0802066469625338,0.03491535207506756
2,0.5,0,0.6925398018859044,0.5128655911150221,0.08312114922930025,0.13785814049194212,-0.06024437573520053
2,0.5,1,0.29041654825137186,0.6632920591607901,-0.06022032375797837,-0.12284572585530373,-0.052740008567500274
2,0.5,2,0.23231442449291906,0.11379031535567755,0.27086711589111356,0.5044580930450131,-0.024958106710741335
2,0.5,3,0.5502884737012335,0.13827705165079915,-0.17464203466461825,-0.38124414074798807,-0.13850698801380396
2,0.5,4,0.7150795903898518,0.3255409943389419,-0.04897004934600657,-0.12013945608619192,-0.08942159671495253
2,0.5,5,0.42464433092197174,0.6583330499329189,0.040052984425113625,0.07685616269253881,-0.012493786695645714
2,0.5,6,0.9711489144169232,0.8395761007653076,0.3082672190018584,0.4766607880469106,-0.27296980641333385
2,0.5,7,0.681133143813166,0.5521921979007791,0.1002059380493372,0.16896296970333946,-0.05522639020163389
2,0.5,8,0.48131326345467373,0.8473634377740147,0.0555913461745734,0.027960508922035388,-0.26368582061959445
2,0.5,9,0.3942751678302675,0.3871410550502459,0.07158127555727267,0.23116440754444412,0.2885243536784019
2,0.5,10,0.34631445582785203,0.3204521391760121,0.09304815005969802,0.29092705643041317,0.34974474512937537
2,0.5,11,0.7244687132363608,0.35717938207984495,-0.02342833106830433,-0.072873036501921,-0.09885072798092759
2,0.5,12,0.4398007997860319,0.17766019262099708,-0.0022652400483886836,0.034766957034461754,-0.055715949709746415
2,0.5,13,0.06848433867737698,0.8225303818118527,-0.7480539692501953,-1.6522469042052759,1.004951826985057
2,0.5,14,0.4000833702238228,0.3418974289960401,0.07316219751243347,0.23940437544211068,0.2953808291508967
2,0.5,15,0.733235497617395,0.5513226737881917,0.10342457344095313,0.15820300381301777,-0.11826660601917688
2,0.5,16,0.18884189584442998,0.5769804387466563,-0.11849588670531608,-0.23496778106560434,-0.08182196463409402
2,0.5,17,0.18194272102454268,0.5211023982093856,-0.07747600095808505,-0.13802216652596666,-0.09035844086009692
2,0.5,18,0.5309203463650016,0.012634303282834278,-0.9945212647892712,-2.5799489112428056,1.8114863268875787
2,0.5,19,0.5311910353549287,0.9785785108971636,0.0900189740716697,0.04390346386322408,-0.4547074881859724
2,0.5,20,0.6317129393802946,0.8972347441483777,0.16513952146512323,0.2184954048503096,-0.3348483690915563
2,0.5,21,0.8424431581962337,0.213483143972398,-0.27155343683216104,-0.6302059768173738,0.050963220454413816
2,0.5,22,0.7199662183634226,0.29663962453657633,-0.08052091473207623,-0.18684530804103172,-0.08971471195585223
2,0.5,23,0.6088030404640312,0.5196099500110337,0.08321764889259597,0.1650482997368785,0.03666105015372795
2,0.5,24,0.7179945149188172,0.8938731452074572,0.2171722206002722,0.3168142670606027,-0.3081318351104646
2,0.5,25,0.32649973557611467,0.9739582672134888,-0.14485787484822144,-0.42296213557258433,-0.20420632189558133
2,0.5,26,0.36455288250986784,0.2623912228710014,0.09097275325608623,0.2804836095356178,0.2967306926797679
2,0.5,27,0.2336979662613765,0.563071862066286,-0.05636050297738526,-0.08568041330087706,-0.02396323837094505
2,0.5,28,0.2978397654610528,0.8008293104544355,-0.11549357348911782,-0.29122698268796743,-0.12510984598436317
2,0.5,29,0.628356601377398,0.3964826528737193,0.030102957514590578,0.07156823916061406,0.021923080452271204
2,0.5,30,0.10026284114617368,0.7264515751276659,-0.47878578324949483,-1.0717882295686056,0.3840505116650761
2,0.5,31,0.43502714922593766,0.16784763414063056,-0.005675824763179627,0.020631225998657854,-0.08915959344979013
2,0.5,32,0.4322455080630509,0.5986845964769181,0.05225471534464132,0.12278451759195264,0.065114052628513
2,0.5,33,0.4938113956973001,0.8585471691371993,0.06468256482253198,0.04093988685899097,-0.281071176989771
2,0.5,34,0.4273136844899114,0.9738511770194844,-0.01462902128548449,-0.16255961936781205,-0.3789812139523878
2,0.5,35,0.316015998513016,0.0877784745704554,0.08640953192429723,0.06770085564227202,-0.621997107388764
2,0.5,36,0.42782428082355206,0.42978032920693027,0.06613895249808266,0.2039262045864243,0.2416945167431045
2,0.5,37,0.8855213798547921,0.21045200235549916,-0.304802149610655,-0.7130881585696924,0.10506443672700828
2,0.5,38,0.935276817839802,0.4516237607083601,0.017955113350007545,-0.08165787630784482,-0.36090743172221584
2,0.5,39,0.5017999423666498,0.5468083011762769,0.07493590789339155,0.17179980595798394,0.1064216975203165
2,0.5,40,0.621473892756269,0.10146017616242434,-0.35333496202835946,-0.8046429028541748,0.08317594103837372
2,0.5,41,0.1233060271777098,0.3009235599710659,0.14488334033516637,0.28131988349140435,-0.1760733908989419
2,0.5,42,0.3209397721839145,0.9190325553491046,-0.1326748844906871,-0.37528078350042815,-0.18555354906569643
2,0.5,43,0.41652968771455917,0.5676236568015914,0.05044001835826872,0.1326698206122119,0.10344842316833536
2,0.5,44,0.8589829747256986,0.4582637575731397,0.03501400543708888,-0.016519983037491137,-0.27284556994584863
2,0.5,45,0.25544625808857657,0.7484554709821523,-0.14565180385618648,-0.333902654376792,-0.07633184021186112
2,0.5,46,0.48337357897745026,0.7370249088051966,0.0657312056882633,0.09092592501535446,-0.11579118712621994
2,0.5,47,0.9758485898984909,0.05760745218738341,-0.9967051548154675,-2.1412873432513333,1.5178807997976043
2,0.5,48,0.5190954168746131,0.7045234475338911,0.08627955271016563,0.138949382274431,-0.07645857444130838
2,0.5,49,0.6106366352477083,0.8324584808489819,0.14448875652121096,0.19954182124937825,-0.25152588646445095
2,0.5,50,0.12821609267051726,0.1726191265228148,0.3815528255240901,0.7265013224468184,0.47917260312814636
2,0.5,51,0.8198139844966965,0.7753779792399582,0.22436167211176228,0.3407799319110234,-0.2470285555466352
2,0.5,52,0.6009989258427089,0.2908058843945199,-0.029394836888182674,-0.03541079316508711,0.0021169252166562957
2,0.5,53,0.5441666463371356,0.31034035826296613,0.010215097127312944,0.06772680431187261,0.08553310752027776
2,0.5,54,0.34590855709882223,0.6619562360426894,-0.012104913859236621,-0.023799308794459684,-0.03395212238049078
2,0.5,55,0.3080383732466404,0.11916432817556143,0.1308018356379641,0.24429511098467316,-0.23607785419379107
2,0.5,56,0.4186817668042076,0.6615749998272284,0.0361313365817546,0.06839194910784663,-0.01736265279828486
2,0.5,57,0.6776747504769407,0.8800996568226982,0.19104966942950274,0.271674728157854,-0.30398716033839696
2,0.5,58,0.8679477049592714,0.6923850428706982,0.19702560996304075,0.2855110252568831,-0.2877799537850842
2,0.5,59,0.5102138907284509,0.4415213191321009,0.06333644721168907,0.17325833559163506,0.1668901813896001
2,0.5,60,0.6659275073030269,0.4394500966896802,0.04712513726309764,0.08632215585626657,-0.021327094444346273
2,0.5,61,0.5842178215109687,0.7597941733345204,0.12221375830984127,0.18186227241693542,-0.15716912970300773
2,0.5,62,0.6224054320536878,0.5643291612013651,0.09808487493889562,0.18048844928503183,0.0022212702828897646
2,0.5,63,0.6711952699680683,0.09320607992798123,-0.4436803116056298,-1.0047184306954424,0.28075298324945164
2,0.5,64,0.8354955888678521,0.5810176661041766,0.12669545126042103,0.16612787849968846,-0.2554300362902321
2,0.5,65,0.09153108856578998,0.8085468288355415,-0.6047185685517791,-1.3413459386590265,0.6888235753571493
2,0.5,66,0.7584091846144714,0.3403250557786578,-0.050521847403080855,-0.14151538952794684,-0.12754950305186924
2,0.5,67,0.24879304704613653,0.9190250479838817,-0.24856805530234016,-0.609762045648254,-0.0011988522628529688
2,0.5,68,0.20033850136719544,0.7457026603363045,-0.2316276031908604,-0.5176490485312746,-0.0006569829325893117
2,0.5,69,0.5710078183416436,0.5725825486469651,0.09166098193563599,0.18015083981185898,0.04077148207132203
2,0.5,70,0.10379826628013936,0.74661110901706,-0.4866385417631385,-1.0863472266274279,0.4106197217225127
2,0.5,71,0.8776202897496368,0.0875659815234411,-0.6954535679850151,-1.530192845911177,0.9106644063902951
2,0.5,72,0.6247039926102433,0.8522012941669992,0.15522347575507145,0.2132976308469594,-0.2766145410216203
2,0.5,73,0.7189480310261557,0.8150740309365467,0.19780968975755453,0.2970448480724841,-0.23701541166551765
2,0.5,74,0.025806622561116495,0.9016742264180047,-1.3018287215835054,-2.7986587302104695,1.9565727939335331
2,0.5,75,0.5925432418561416,0.13605857355919243,-0.22547832060799422,-0.49671287284663546,-0.07809515393106545
2,0.5,76,0.555649488546403,0.0901444853521055,-0.3067472158153013,-0.7250699954267557,-0.058482819969454244
2,0.5,77,0.1657804512618283,0.14564726132595798,0.3701793400833724,0.726374049122132,0.5707726207828252
2,0.5,78,0.16000910482227765,0.4013911359007441,0.02593737327985135,0.08455670574695606,-0.0897792384820697
2,0.5,79,0.6916189381954927,0.4258207238593721,0.035352121279210724,0.054240388459268374,-0.05570240975239066
2,0.5,80,0.3223910978542388,0.5609740111562875,0.009789952222803322,0.06074972962903935,0.07394463950122887
2,0.5,81,0.6881308896211833,0.12979867863985495,-0.3404422996893759,-0.757257686262621,0.11619534173482554
2,0.5,82,0.5532955847234167,0.20737151135374346,-0.0760722630736308,-0.13178760958319824,-0.05549470355037889
2,0.5,83,0.3911715626406817,0.8054114613183411,-0.015361645013273417,-0.091994666782369,-0.18798699586270542
2,0.5,84,0.9166298398217063,0.4686278225756144,0.03707077470830766,-0.036243561238094024,-0.3486925956599004
2,0.5,85,0.8348365969744619,0.801779445293938,0.24101161348217515,0.36749721601034424,-0.2557707971541961
2,0.5,86,0.3602496153495127,0.01727785097372077,-0.427988133197438,-1.5504623183389352,0.15494570585628753
2,0.5,87,0.05271963452305974,0.5505608714627573,-0.47793408638936086,-1.1858615634530132,0.2642527926257015
2,0.5,88,0.30867271194287554,0.9232935051151445,-0.15202481105403498,-0.41603523252383123,-0.1606808282514741
2,0.5,89,0.40022196827962137,0.5805319499629527,0.04178900619124626,0.11280833824704217,0.08482760504959963
2,0.5,90,0.700859653842335,0.21197381289636869,-0.1800572751012095,-0.3937990812641301,-0.04600489882026976
2,0.5,91,0.985451312393337,0.7134024110339664,0.2338224700712499,0.32715295557301727,-0.40893811740191055
2,0.5,92,0.35879656840311036,0.38140613270493934,0.07689858675450756,0.24897205631656227,0.3104007910063006
2,0.5,93,0.7572968575097251,0.6650162683142706,0.1594379270865307,0.2436346799079554,-0.17361979122811128
2,0.5,94,0.5913133782309767,0.038733328435895845,-0.6617377308029226,-1.6110437371108706,0.7649022231458559
2,0.5,95,0.6878677627261736,0.633182352164329,0.1317883899991057,0.21347090620810505,-0.09568677998395936
2,0.5,96,0.15810490330111862,0.04155397623916552,0.5053340847912473,0.5189505502301124,-1.9836487546414145
2,0.5,97,0.4008987668716334,0.7398850420389306,0.008445540585006572,-0.017262517788932286,-0.11695668157403127
2,0.5,98,0.246038779769152,0.473454742193686,0.014586278846297596,0.09288424107065829,0.09130174742668284
2,0.5,99,0.34658689376735846,0.12931926836359262,0.07566216752338839,0.15092627501429234,-0.21286357227168956
3,-0.8,0,0.6925398018859044,0.5128655911150221,0.05702692020261546,0.11917580863477184,-0.04237471466264309
3,-0.8,1,0.29041654825137186,0.6632920591607901,0.21095253580294138,0.1947704658122711,0.2409330528670791
3,-0.8,2,0.23231442449291906,0.11379031535567755,-0.8068751525810738,-1.1884849956986328,0.14301243505011602
3,-0.8,3,0.5502884737012335,0.13827705165079915,-0.10511061355514606,-0.21537276279340656,-0.20860023628660324
3,-0.8,4,0.7150795903898518,0.3255409943389419,0.2157635161349427,0.3683377868745019,-0.07633297194085764
3,-0.8,5,0.42464433092197174,0.6583330499329189,0.15930708248410808,0.16946041523159172,0.16819855477715778
3,-0.8,6,0.9711489144169232,0.8395761007653076,-1.962439659800932,-2.7389322220560057,0.5117435915307648
3,-0.8,7,0.681133143813166,0.5521921979007791,0.033485249112446436,0.07504652030143832,-0.042309676540493724
3,-0.8,8,0.48131326345467373,0.8473634377740147,0.09921745348454647,0.020044188015025277,-0.24663627003600122
3,-0.8,9,0.3942751678302675,0.3871410550502459,0.05571934817670865,0.08598970210322188,-0.0018912661101119221
3,-0.8,10,0.34631445582785203,0.3204521391760121,-0.04813454624983482,-0.07470822770006702,-0.08197438527351572
3,-0.8,11,0.7244687132363608,0.35717938207984495,0.18879585509127672,0.32770457700461897,-0.07368312264156424
3,-0.8,12,0.4398007997860319,0.17766019262099708,-0.20012374534078248,-0.3076755881254112,-0.1578361806719411
3,-0.8,13,0.06848433867737698,0.8225303818118527,0.4007866396628702,0.3386981237738126,-1.063888922031722
3,-0.8,14,0.4000833702238228,0.3418974289960401,0.018728866540918876,0.03869903610618497,-0.04109663626398319
3,-0.8,15,0.733235497617395,0.5513226737881917,-0.02246033351192711,-0.012013795042082442,-0.09033241234236875
3,-0.8,16,0.18884189584442998,0.5769804387466563,0.163814844651601,0.11258031259574475,-0.1690630708125104
3,-0.8,17,0.18194272102454268,0.5211023982093856,0.10784023333428072,0.04470019102992584,-0.20481850762841092
3,-0.8,18,0.5309203463650016,0.012634303282834278,-1.627625954194908,-2.803753327483543,-0.31843026354710735
3,-0.8,19,0.5311910353549287,0.9785785108971636,-0.010116819486509776,-0.18097137239724947,1.122478725024493
3,-0.8,20,0.6317129393802946,0.8972347441483777,-0.14596895313447567,-0.31144003969467304,0.22974972723000298
3,-0.8,21,0.8424431581962337,0.213483143972398,0.4515595458916506,0.5604339150576818,-0.18918135077943976
3,-0.8,22,0.7199662183634226,0.29663962453657633,0.24216139744363296,0.40080811008907347,-0.09137046516868877
3,-0.8,23,0.6088030404640312,0.5196099500110337,0.10108859518531244,0.17950034638815282,0.038339415052826564
3,-0.8,24,0.7179945149188172,0.8938731452074572,-0.3319428535780369,-0.5500793205960348,0.3907661228598534
3,-0.8,25,0.32649973557611467,0.9739582672134888,0.2689198237695196,0.16759148888106612,0.42627861236385844
3,-0.8,26,0.36455288250986784,0.2623912228710014,-0.12042323970462476,-0.17525709417620128,-0.10489451861494331
3,-0.8,27,0.2336979662613765,0.563071862066286,0.15351264165060585,0.1209975755422521,-0.0413837545561474
3,-0.8,28,0.2978397654610528,0.8008293104544355,0.26027079713989343,0.21789006038224912,0.13182017639901367
3,-0.8,29,0.628356601377398,0.3964826528737193,0.15086156842448695,0.2804673263000854,0.007044227739610165
3,-0.8,30,0.10026284114617368,0.7264515751276659,0.3075726784250117,0.24040120807531884,-0.6264585123090787
3,-0.8,31,0.43502714922593766,0.16784763414063056,-0.23482300970521042,-0.3648120584532535,-0.16223188276168493
3,-0.8,32,0.4322455080630509,0.5986845964769181,0.1495748225084199,0.17998241561663564,0.17833687570359336
3,-0.8,33,0.4938113956973001,0.8585471691371993,0.08178120406432132,-0.0065685185560724335,-0.23193674940095552
3,-0.8,34,0.4273136844899114,0.9738511770194844,0.14527307271033152,0.014880605856164575,0.863946483679991
3,-0.8,35,0.316015998513016,0.0877784745704554,-0.8356291647960674,-1.2660505589515472,-0.03228006089631529
3,-0.8,36,0.42782428082355206,0.42978032920693027,0.0983516449576558,0.15247971600416443,0.06049207211433433
3,-0.8,37,0.8855213798547921,0.21045200235549916,0.4790386678394789,0.494507473300982,-0.2153744570899564
3,-0.8,38,0.935276817839802,0.4516237607083601,-0.4796454538244497,-0.9308161322359938,-0.2819384561620978
3,-0.8,39,0.5017999423666498,0.5468083011762769,0.12833092891278586,0.1882524459672621,0.12694702417666925
3,-0.8,40,0.621473892756269,0.10146017616242434,-0.05514654357794235,-0.23875007975042983,-0.25169107111125744
3,-0.8,41,0.1233060271777098,0.3009235599710659,-0.27125900955541216,-0.4641141676234044,0.2519660881307721
3,-0.8,42,0.3209397721839145,0.9190325553491046,0.26762729405063923,0.18751846368216274,-0.6928560692700104
3,-0.8,43,0.41652968771455917,0.5676236568015914,0.14724164990007838,0.18197966867432536,0.17585790087935593
3,-0.8,44,0.8589829747256986,0.4582637575731397,-0.11506096234786867,-0.22466897544873898,-0.20507832227815748
3,-0.8,45,0.25544625808857657,0.7484554709821523,0.2645190988554549,0.22926194851751536,0.3207497042545915
3,-0.8,46,0.48337357897745026,0.7370249088051966,0.11790010184235866,0.0953250119263438,-0.027920876999243505
3,-0.8,47,0.9758485898984909,0.05760745218738341,1.5433607400393807,0.8129629389088233,-0.1273615238137672
3,-0.8,48,0.5190954168746131,0.7045234475338911,0.09452033714809271,0.08468076399530977,-0.00895317743199453
3,-0.8,49,0.6106366352477083,0.8324584808489819,-0.06964340828703897,-0.18239720450647434,-0.07566153088923915
3,-0.8,50,0.12821609267051726,0.1726191265228148,-0.661761560633054,-0.9807704830806738,0.453311979788345
3,-0.8,51,0.8198139844966965,0.7753779792399582,-0.5063748536128827,-0.7582309534773559,0.08232219683910762
3,-0.8,52,0.6009989258427089,0.2908058843945199,0.15039826678314938,0.27375909551833644,-0.05303076079205837
3,-0.8,53,0.5441666463371356,0.31034035826296613,0.10724060581846384,0.20558740603586934,-0.03196996779823763
3,-0.8,54,0.34590855709882223,0.6619562360426894,0.1924658598553488,0.1890780787628099,0.240098055400136
3,-0.8,55,0.3080383732466404,0.11916432817556143,-0.6481417894671955,-0.9780698797456076,-0.03758623329806293
3,-0.8,56,0.4186817668042076,0.6615749998272284,0.16243533535128352,0.170803940451961,0.1729472033922878
3,-0.8,57,0.6776747504769407,0.8800996568226982,-0.22641885848381804,-0.40715843531697127,0.226772744001983
3,-0.8,58,0.8679477049592714,0.6923850428706982,-0.5830118894983336,-0.8791918310060698,-0.04487742825791694
3,-0.8,59,0.5102138907284509,0.4415213191321009,0.12409978746316774,0.21309881616533133,0.08010553484434879
3,-0.8,60,0.6659275073030269,0.4394500966896802,0.12729578495562688,0.23988452630473578,-0.010604960414111186
3,-0.8,61,0.5842178215109687,0.7597941733345204,0.006647081854581849,-0.049398348049207286,-0.11710221719198663
3,-0.8,62,0.6224054320536878,0.5643291612013651,0.07113485471168302,0.12358766522089137,0.010966309577861932
3,-0.8,63,0.6711952699680683,0.09320607992798123,0.05879105430030673,-0.12179531728193549,-0.25725630489839413
3,-0.8,64,0.8354955888678521,0.5810176661041766,-0.271298989353574,-0.4200153384972669,-0.15777581959717182
3,-0.8,65,0.09153108856578998,0.8085468288355415,0.3787575261663404,0.3181576285477574,-0.4754992646925071
3,-0.8,66,0.7584091846144714,0.3403250557786578,0.20807982919214396,0.340535049065708,-0.10542229717553966
3,-0.8,67,0.24879304704613653,0.9190250479838817,0.33509410090053027,0.2661658934427755,-0.8832164106950877
3,-0.8,68,0.20033850136719544,0.7457026603363045,0.287505171705545,0.24360235110162387,0.2721853434426242
3,-0.8,69,0.5710078183416436,0.5725825486469651,0.09780716386055888,0.15170256788878334,0.0595171333250904
3,-0.8,70,0.10379826628013936,0.74661110901706,0.3237161806654876,0.25961911255754444,-0.5447135191660311
3,-0.8,71,0.8776202897496368,0.0875659815234411,0.8476242460158563,0.7948238075614373,-0.20227817362029513
3,-0.8,72,0.6247039926102433,0.8522012941669992,-0.10483660459562172,-0.23713364468064535,-0.003254445515049456
3,-0.8,73,0.7189480310261557,0.8150740309365467,-0.2623115475562017,-0.4285607333389603,0.04924348313529701
3,-0.8,74,0.025806622561116495,0.9016742264180047,0.4894189753398618,0.43637950849130186,-4.0279020871926114
3,-0.8,75,0.5925432418561416,0.13605857355919243,-0.019625077870550456,-0.10107190710426295,-0.2125156275161739
3,-0.8,76,0.555649488546403,0.0901444853521055,-0.2837498466905668,-0.5739618277250411,-0.2588081545864996
3,-0.8,77,0.1657804512618283,0.14564726132595798,-0.734015290541735,-1.077062014086982,0.32585536929382364
3,-0.8,78,0.16000910482227765,0.4013911359007441,-0.05493036272004481,-0.16730876346698365,-0.08076455767538329
3,-0.8,79,0.6916189381954927,0.4258207238593721,0.1311989388342667,0.24556335504099636,-0.03449205447436837
3,-0.8,80,0.3223910978542388,0.5609740111562875,0.15301213859867646,0.15738226684036638,0.13191188217523114
3,-0.8,81,0.6881308896211833,0.12979867863985495,0.1972728517038398,0.1798582409143199,-0.21440865612037216
3,-0.8,82,0.5532955847234167,0.20737151135374346,0.03590920534085296,0.06421467471844444,-0.13605400306181428
3,-0.8,83,0.3911715626406817,0.8054114613183411,0.19153275979570616,0.1456494034388276,-0.1095861932952861
3,-0.8,84,0.9166298398217063,0.4686278225756144,-0.3870582388893897,-0.7295468516578651,-0.25853803369422473
3,-0.8,85,0.8348365969744619,0.801779445293938,-0.6006660543503637,-0.8922340363585768,0.178725217909521
3,-0.8,86,0.3602496153495127,0.01727785097372077,-1.908717416621327,-2.892834185632374,-0.08182019891494564
3,-0.8,87,0.05271963452305974,0.5505608714627573,0.11974785584458592,-0.0038844420666597212,0.21321749587456912
3,-0.8,88,0.30867271194287554,0.9232935051151445,0.280437520476555,0.2010340862054263,-0.7509531680943442
3,-0.8,89,0.40022196827962137,0.5805319499629527,0.15336803397567067,0.18081984387203942,0.18639346101420556
3,-0.8,90,0.700859653842335,0.21197381289636869,0.2668298509111908,0.3997975071590165,-0.13772572461496846
3,-0.8,91,0.985451312393337,0.7134024110339664,-2.222540332481165,-3.225808279143317,0.1000176434165594
3,-0.8,92,0.35879656840311036,0.38140613270493934,0.030963448285144857,0.038181727654652775,-0.032351586153269996
3,-0.8,93,0.7572968575097251,0.6650162683142706,-0.1914792613857519,-0.2869805367781595,-0.10454287048129754
3,-0.8,94,0.5913133782309767,0.038733328435895845,-0.6453537557298343,-1.3325862670769961,-0.3213855012060332
3,-0.8,95,0.6878677627261736,0.633182352164329,-0.042135909294411356,-0.05920842431369433,-0.07910036720529151
3,-0.8,96,0.15810490330111862,0.04155397623916552,-1.6844870028788659,-2.366501733421245,0.5047005325899663
3,-0.8,97,0.4008987668716334,0.7398850420389306,0.1798204741183087,0.15904289226484059,0.08588843891144265
3,-0.8,98,0.246038779769152,0.473454742193686,0.07391528612199139,0.03620130958652634,-0.09621000973126728
3,-0.8,99,0.34658689376735846,0.12931926836359262,-0.529588972201271,-0.8099114548377875,-0.10123164903339404
4,1.2,0,0.6925398018859044,0.5128655911150221,0.16628716476680472,0.10374172627552047,-0.03126406415556876
4,1.2,1,0.29041654825137186,0.6632920591607901,-0.1742061708292839,-0.21297484206586992,-0.09747771896511859
4,1.2,2,0.23231442449291906,0.11379031535567755,0.5392921999456384,0.24954759684826566,-0.5685710762664795
4,1.2,3,0.5502884737012335,0.13827705165079915,-0.5353541034838765,-0.6577584756309651,0.020380594239401903
4,1.2,4,0.7150795903898518,0.3255409943389419,-0.1639039452411306,-0.21259454268706213,-0.08574831658131662
4,1.2,5,0.42464433092197174,0.6583330499329189,0.08671744196734776,0.05272734122701328,-0.05091924463431968
4,1.2,6,0.9711489144169232,0.8395761007653076,0.5620707364131352,0.2750738821555596,-0.20597324566704045
4,1.2,7,0.681133143813166,0.5521921979007791,0.20568432951981874,0.13799519480510236,-0.009875934351267351
4,1.2,8,0.48131326345467373,0.8473634377740147,0.027461158813217423,-0.09484856431322264,-0.12376647861722723
4,1.2,9,0.3942751678302675,0.3871410550502459,0.2644955791317063,0.29872520033598304,0.14775629813360142
4,1.2,10,0.34631445582785203,0.3204521391760121,0.32684088234067676,0.3511587516861847,0.17110177808177213
4,1.2,11,0.7244687132363608,0.35717938207984495,-0.10235465714339265,-0.15488465869458734,-0.0914074480100017
4,1.2,12,0.4398007997860319,0.17766019262099708,-0.020812122249642684,-0.112570967918324,-0.2656895464635536
4,1.2,13,0.06848433867737698,0.8225303818118527,-2.0289396967778064,-1.9721031694223807,0.47014846500591634
4,1.2,14,0.4000833702238228,0.3418974289960401,0.2700747549353064,0.299917571704428,0.12818404123080868
4,1.2,15,0.733235497617395,0.5513226737881917,0.19130811575682038,0.10160801671514808,-0.05124563691146777
4,1.2,16,0.18884189584442998,0.5769804387466563,-0.3392834977606878,-0.41153803188515337,-0.08783266548259702
4,1.2,17,0.18194272102454268,0.5211023982093856,-0.2270206058496287,-0.3089925856155604,-0.16182969426806657
4,1.2,18,0.5309203463650016,0.012634303282834278,-3.081175379960289,-3.22576019770748,0.45936818100915305
4,1.2,19,0.5311910353549287,0.9785785108971636,0.04223754668945601,-0.15522581753868048,-0.1780549397177
4,1.2,20,0.6317129393802946,0.8972347441483777,0.2575583545863853,0.06695182132307309,-0.1775753147701048
4,1.2,21,0.8424431581962337,0.213483143972398,-0.7870764465092419,-0.8328245251761457,0.2037182821573611
4,1.2,22,0.7199662183634226,0.29663962453657633,-0.2488969691920655,-0.2989141259003003,-0.06574871475495259
4,1.2,23,0.6088030404640312,0.5196099500110337,0.20051226250305731,0.16925259945976245,0.03609908817445873
4,1.2,24,0.7179945149188172,0.8938731452074572,0.37583559779027986,0.15969906073858553,-0.17096901636556028
4,1.2,25,0.32649973557611467,0.9739582672134888,-0.5203750300744647,-0.6261524091285118,0.11129143614459668
4,1.2,26,0.36455288250986784,0.2623912228710014,0.30527889003962816,0.3043088840980803,0.048751200498821756
4,1.2,27,0.2336979662613765,0.563071862066286,-0.14543343355375438,-0.1880127924104884,-0.14760293820688358
4,1.2,28,0.2978397654610528,0.8008293104544355,-0.37174402131342443,-0.4372077472308149,-0.0008683955994927255
4,1.2,29,0.628356601377398,0.3964826528737193,0.07747022536609416,0.05616567601577316,-0.05060839500863207
4,1.2,30,0.10026284114617368,0.7264515751276659,-1.3510185860091122,-1.4000181180046,0.41199187050517827
4,1.2,31,0.43502714922593766,0.16784763414063056,-0.04203016895364353,-0.1484712652260889,-0.2763391371894751
4,1.2,32,0.4322455080630509,0.5986845964769181,0.14342711276809172,0.130510753465078,0.0014125238800117013
4,1.2,33,0.4938113956973001,0.8585471691371993,0.0431954519700799,-0.0875232184917496,-0.13059181633749745
4,1.2,34,0.4273136844899114,0.9738511770194844,-0.20634158822561854,-0.3610366651855257,-0.05456830378039635
4,1.2,35,0.316015998513016,0.0877784745704554,-0.019787752512229417,-0.3710517449414814,-0.4430881025405712
4,1.2,36,0.42782428082355206,0.42978032920693027,0.23702233076284696,0.2670066811310772,0.12879431120923257
4,1.2,37,0.8855213798547921,0.21045200235549916,-0.8820281068736637,-0.9213794143804797,0.2527442997757316
4,1.2,38,0.935276817839802,0.4516237607083601,-0.10804108422764358,-0.2578279580010112,-0.10122785654894724
4,1.2,39,0.5017999423666498,0.5468083011762769,0.2073045491681551,0.20061050142876713,0.07317025875922117
4,1.2,40,0.621473892756269,0.10146017616242434,-1.0474544170421582,-1.1650311844087184,0.3247088249450093
4,1.2,41,0.1233060271777098,0.3009235599710659,0.26017504071035,0.029241756487443205,-0.5268525768848358
4,1.2,42,0.3209397721839145,0.9190325553491046,-0.46580484000360745,-0.5592731228258665,0.07071347956902181
4,1.2,43,0.41652968771455917,0.5676236568015914,0.15377511861767124,0.15239352029170528,0.017011252454630504
4,1.2,44,0.8589829747256986,0.4582637575731397,-0.027488183223292495,-0.1483799864138704,-0.11606771089863456
4,1.2,45,0.25544625808857657,0.7484554709821523,-0.43206462778693044,-0.4863271607531048,0.011876692570221298
4,1.2,46,0.48337357897745026,0.7370249088051966,0.10688939570658018,0.031937316692036255,-0.0746537374719024
4,1.2,47,0.9758485898984909,0.05760745218738341,-2.585425945690398,-2.368927665996326,0.4063801840708841
4,1.2,48,0.5190954168746131,0.7045234475338911,0.167621325672215,0.0985703479403166,-0.03842625935861135
4,1.2,49,0.6106366352477083,0.8324584808489819,0.2382362940019691,0.08555782946948187,-0.12224855670937185
4,1.2,50,0.12821609267051726,0.1726191265228148,0.8304115940769865,0.5487379160481849,0.07576572068192983
4,1.2,51,0.8198139844966965,0.7753779792399582,0.40746120400435637,0.20449817265268444,-0.11327554859851652
4,1.2,52,0.6009989258427089,0.2908058843945199,-0.06952549063991675,-0.09456841517806014,-0.11815554605356668
4,1.2,53,0.5441666463371356,0.31034035826296613,0.058970276169367786,0.053238874332524055,-0.08541337632019436
4,1.2,54,0.34590855709882223,0.6619562360426894,-0.0448607723127008,-0.07784711675579103,-0.09506245060686104
4,1.2,55,0.3080383732466404,0.11916432817556143,0.21214882692036063,-0.029409618996494302,-0.5322520896990628
4,1.2,56,0.4186817668042076,0.6615749998272284,0.07584854058328938,0.04119734496731198,-0.05673318532085628
4,1.2,57,0.6776747504769407,0.8800996568226982,0.32261254862562994,0.12592127721946267,-0.16086549185928783
4,1.2,58,0.8679477049592714,0.6923850428706982,0.33990065619377696,0.14426874735479345,-0.14840204802520807
4,1.2,59,0.5102138907284509,0.4415213191321009,0.2044391159232961,0.21799263460327722,0.08474457850757844
4,1.2,60,0.6659275073030269,0.4394500966896802,0.09946494402139017,0.06093083036167357,-0.04710860544343126
4,1.2,61,0.5842178215109687,0.7597941733345204,0.21977186074532584,0.10886241307801892,-0.06541118330703391
4,1.2,62,0.6224054320536878,0.5643291612013651,0.22065015549737188,0.17248700297919362,0.03209852967688698
4,1.2,63,0.6711952699680683,0.09320607992798123,-1.2809963034383474,-1.3665034557601894,0.40511477735298107
4,1.2,64,0.8354955888678521,0.5810176661041766,0.197418606713609,0.05226815195567158,-0.12679965270940596
4,1.2,65,0.09153108856578998,0.8085468288355415,-1.6596161715360847,-1.6461854146544557,0.4543991042610285
4,1.2,66,0.7584091846144714,0.3403250557786578,-0.18706212355952312,-0.2483571505939266,-0.07413685419279628
4,1.2,67,0.24879304704613653,0.9190250479838817,-0.7514826912261521,-0.8096079032328256,0.2056307175667822
4,1.2,68,0.20033850136719544,0.7457026603363045,-0.6638802712451994,-0.7171264713896432,0.12485329922599225
4,1.2,69,0.5710078183416436,0.5725825486469651,0.2200625469862607,0.1868833493497366,0.053511038023583646
4,1.2,70,0.10379826628013936,0.74661110901706,-1.3644957856098925,-1.401976691278497,0.4115418004351952
4,1.2,71,0.8776202897496368,0.0875659815234411,-1.872521600605178,-1.8046435318356346,0.4578660191119274
4,1.2,72,0.6247039926102433,0.8522012941669992,0.2538775373292066,0.08738090781409347,-0.13826325634634
4,1.2,73,0.7189480310261557,0.8150740309365467,0.3562286283670184,0.17581134572204782,-0.1028236070507842
4,1.2,74,0.025806622561116495,0.9016742264180047,-3.377036625978251,-3.085064314340478,0.3165706302905719
4,1.2,75,0.5925432418561416,0.13605857355919243,-0.6713042048982283,-0.7808380617473327,0.11132330871979929
4,1.2,76,0.555649488546403,0.0901444853521055,-0.9636024039715254,-1.13526021847919,0.3061036234905592
4,1.2,77,0.1657804512618283,0.14564726132595798,0.8332521199434915,0.5874179186625668,0.2878344348972176
4,1.2,78,0.16000910482227765,0.4013911359007441,0.03248063543046076,-0.09040850172995718,-0.3223677063230898
4,1.2,79,0.6916189381954927,0.4258207238593721,0.05908287205138185,0.012268893069580233,-0.07029874932591393
4,1.2,80,0.3223910978542388,0.5609740111562875,0.05297871373323204,0.04602307185656862,-0.08030141194389717
4,1.2,81,0.6881308896211833,0.12979867863985495,-0.9744585685637546,-1.04740206994357,0.2764330240568134
4,1.2,82,0.5532955847234167,0.20737151135374346,-0.20956506317858725,-0.26879641965024614,-0.1457826867930242
4,1.2,83,0.3911715626406817,0.8054114613183411,-0.12186783708020199,-0.20580613375231582,-0.08673949918176793
4,1.2,84,0.9166298398217063,0.4686278225756144,-0.05249954806309942,-0.20061537409490438,-0.12117447499251316
4,1.2,85,0.8348365969744619,0.801779445293938,0.4382434557322612,0.219303744003415,-0.1266600224110072
4,1.2,86,0.3602496153495127,0.01727785097372077,-1.8872349274637674,-2.436004910753244,0.8071413705628626
4,1.2,87,0.05271963452305974,0.5505608714627573,-1.5153471372944143,-1.7209270773198586,0.5372840025649952
4,1.2,88,0.30867271194287554,0.9232935051151445,-0.5151791488474622,-0.6038404632867769,0.0961706295853786
4,1.2,89,0.40022196827962137,0.5805319499629527,0.12793586911895716,0.12284251754063202,-0.009517048458980798
4,1.2,90,0.700859653842335,0.21197381289636869,-0.516189167086913,-0.5719662915676533,0.03878412476904227
4,1.2,91,0.985451312393337,0.7134024110339664,0.3821245191968643,0.12299626526578467,-0.2670033220560445
4,1.2,92,0.35879656840311036,0.38140613270493934,0.282564343588664,0.315443870502933,0.15427500030507046
4,1.2,93,0.7572968575097251,0.6650162683142706,0.2948706643989487,0.1589185666582802,-0.05730895743514841
4,1.2,94,0.5913133782309767,0.038733328435895845,-2.006788611786357,-2.1536784519923593,0.560945104446741
4,1.2,95,0.6878677627261736,0.633182352164329,0.2605354049210393,0.16486386351185445,-0.009962267366395994
4,1.2,96,0.15810490330111862,0.04155397623916552,0.5624189153554138,-0.28939829040124465,-1.3964905935768617
4,1.2,97,0.4008987668716334,0.7398850420389306,-0.03031473205933155,-0.0923618411738798,-0.09328645781586221
4,1.2,98,0.246038779769152,0.473454742193686,0.07338822630317487,0.05026703228720342,-0.15064031275490775
4,1.2,99,0.34658689376735846,0.12931926836359262,0.10059991810207602,-0.09972088893187259,-0.43956350822719226
5,-2.0,0,0.6925398018859044,0.5128655911150221,0.1556096571843817,0.023502026394066178,-0.05484174729685477
5,-2.0,1,0.29041654825137186,0.6632920591607901,0.4059002745434319,0.14381114671651551,0.061896548335058546
5,-2.0,2,0.23231442449291906,0.11379031535567755,-2.477513333698825,-1.5392502680118723,0.17906708995605297
5,-2.0,3,0.5502884737012335,0.13827705165079915,-0.6427181580907497,-0.6565774257114834,-0.07829708355221059
5,-2.0,4,0.7150795903898518,0.3255409943389419,0.6501564990784647,0.3307210503499469,0.0012742475993421931
5,-2.0,5,0.42464433092197174,0.6583330499329189,0.34818905917908216,0.14877802738777923,0.013962272972151399
5,-2.0,6,0.9711489144169232,0.8395761007653076,-5.468899632959456,-3.0347571446665667,0.1695122478057282
5,-2.0,7,0.681133143813166,0.5521921979007791,0.07307626315098492,-0.02790683528372817,-0.07042353852447854
5,-2.0,8,0.48131326345467373,0.8473634377740147,0.03148847770607821,-0.11588481432685005,0.06677988557317326
5,-2.0,9,0.3942751678302675,0.3871410550502459,0.12963321051830956,0.02390062291712658,-0.083479550253089
5,-2.0,10,0.34631445582785203,0.3204521391760121,-0.22441301603109132,-0.22764694477783776,-0.06799771346281616
5,-2.0,11,0.7244687132363608,0.35717938207984495,0.5636717062809335,0.27144789011771797,-0.006174493793880131
5,-2.0,12,0.4398007997860319,0.17766019262099708,-0.7856039951434735,-0.655826299008599,-0.04096932278228241
5,-2.0,13,0.06848433867737698,0.8225303818118527,0.6753053153739061,0.15375559232577096,-0.5374143596115025
5,-2.0,14,0.4000833702238228,0.3418974289960401,0.012805547451809396,-0.06339988515322137,-0.08555111314304253
5,-2.0,15,0.733235497617395,0.5513226737881917,-0.1352815679721795,-0.19165660834213583,-0.07378069965951531
5,-2.0,16,0.18884189584442998,0.5769804387466563,0.22758222340397616,0.009722374398266842,-0.18560493788155025
5,-2.0,17,0.18194272102454268,0.5211023982093856,0.08259810792333067,-0.07294355599199065,-0.04986141533453042
5,-2.0,18,0.5309203463650016,0.012634303282834278,-5.374533179909012,-3.2760742913134457,-0.025079496338374346
5,-2.0,19,0.5311910353549287,0.9785785108971636,-0.37574612150561615,-0.3942116151868891,0.07408900177783725
5,-2.0,20,0.6317129393802946,0.8972347441483777,-0.654663236045069,-0.513840078260452,0.21861532907221434
5,-2.0,21,0.8424431581962337,0.213483143972398,0.9887155726340993,0.3309225130441078,-0.06333102569118183
5,-2.0,22,0.7199662183634226,0.29663962453657633,0.7115143767224055,0.3575826850849948,-0.0026327511797129555
5,-2.0,23,0.6088030404640312,0.5196099500110337,0.31989954182491864,0.1665670636834098,-0.007639168113573652
5,-2.0,24,0.7179945149188172,0.8938731452074572,-1.1459899285921988,-0.7806554569475992,0.19363252557111116
5,-2.0,25,0.32649973557611467,0.9739582672134888,0.3265291714701992,-0.036555781068782545,0.2575357369859043
5,-2.0,26,0.36455288250986784,0.2623912228710014,-0.4589841141972748,-0.3937541293666942,-0.04034876098209804
5,-2.0,27,0.2336979662613765,0.563071862066286,0.24545574104899615,0.043344800822089136,-0.20879741829910436
5,-2.0,28,0.2978397654610528,0.8008293104544355,0.4489428522056391,0.11918243031501219,-0.22330611577341175
5,-2.0,29,0.628356601377398,0.3964826528737193,0.5088976830264187,0.29246089446533086,0.03231045344071559
5,-2.0,30,0.10026284114617368,0.7264515751276659,0.4837914495390674,0.08374346739362193,-0.21316122353557426
5,-2.0,31,0.43502714922593766,0.16784763414063056,-0.9037355144092984,-0.7317403842060641,-0.03224976616434669
5,-2.0,32,0.4322455080630509,0.5986845964769181,0.36673489752748,0.18053051990917357,0.07864898863385875
5,-2.0,33,0.4938113956973001,0.8585471691371993,-0.024160697992488878,-0.1520528040606175,0.12751384566404286
5,-2.0,34,0.4273136844899114,0.9738511770194844,0.019039275423722746,-0.19123289963604062,0.15096703163284328
5,-2.0,35,0.316015998513016,0.0877784745704554,-2.649619392718499,-1.6802601342028431,0.1319086528115873
5,-2.0,36,0.42782428082355206,0.42978032920693027,0.2802922689868961,0.13750949012332647,-0.026413151196167245
5,-2.0,37,0.8855213798547921,0.21045200235549916,0.8167714423547174,0.08248348946902961,-0.09045279040772497
5,-2.0,38,0.935276817839802,0.4516237607083601,-2.0324845838669,-1.535405027259169,-0.06367441913522187
5,-2.0,39,0.5017999423666498,0.5468083011762769,0.3694937684548272,0.20372357318642664,0.05742651151161171
5,-2.0,40,0.621473892756269,0.10146017616242434,-0.7124832230983547,-0.8010521831566093,-0.09939269836034512
5,-2.0,41,0.1233060271777098,0.3009235599710659,-0.9756419113230006,-0.687294878116901,0.207031358355687
5,-2.0,42,0.3209397721839145,0.9190325553491046,0.3742651976690681,0.02051061837830881,0.2110770036452827
5,-2.0,43,0.41652968771455917,0.5676236568015914,0.3697311874402942,0.18632621995492626,0.08415583479816272
5,-2.0,44,0.8589829747256986,0.4582637575731397,-0.658556193879491,-0.6582200523200186,-0.07600892762535286
5,-2.0,45,0.25544625808857657,0.7484554709821523,0.4745708705023781,0.14261945128314824,0.12621344493694944
5,-2.0,46,0.48337357897745026,0.7370249088051966,0.186923747703867,0.025191948252099916,-0.17103207403351456
5,-2.0,47,0.9758485898984909,0.05760745218738341,1.810544424649347,-0.17520016553381446,-0.09895791990724849
5,-2.0,48,0.5190954168746131,0.7045234475338911,0.15813624350605338,0.02161518536370477,-0.1438268270943892
5,-2.0,49,0.6106366352477083,0.8324584808489819,-0.4002699460950545,-0.35585020949620594,0.15541745240451138
5,-2.0,50,0.12821609267051726,0.1726191265228148,-2.026495328366864,-1.2561657540839462,0.17967959796796534
5,-2.0,51,0.8198139844966965,0.7753779792399582,-1.618972471509653,-1.0640004732693753,0.1691446805523224
5,-2.0,52,0.6009989258427089,0.2908058843945199,0.4616916803744022,0.21919854307217168,-0.008506188365474926
5,-2.0,53,0.5441666463371356,0.31034035826296613,0.3334047345985045,0.14685560676268938,-0.021406827075652293
5,-2.0,54,0.34590855709882223,0.6619562360426894,0.39397689890480336,0.1563393805640958,0.1059694274968065
5,-2.0,55,0.3080383732466404,0.11916432817556143,-2.0895638118707502,-1.3677938402168381,0.12258571009544147
5,-2.0,56,0.4186817668042076,0.6615749998272284,0.3516418982181122,0.14866444742756957,0.01697720666276742
5,-2.0,57,0.6776747504769407,0.8800996568226982,-0.8570856982797075,-0.6221932169252469,0.21099746905832764
5,-2.0,58,0.8679477049592714,0.6923850428706982,-1.8945620202244182,-1.257664446029863,0.11578706428887058
5,-2.0,59,0.5102138907284509,0.4415213191321009,0.40242448022925714,0.23383107182223073,0.04717562879268519
5,-2.0,60,0.6659275073030269,0.4394500966896802,0.4156412931983562,0.21637146393221807,0.0022880910438039526
5,-2.0,61,0.5842178215109687,0.7597941733345204,-0.1304313878792236,-0.17578539175500962,-0.035723615430347244
5,-2.0,62,0.6224054320536878,0.5643291612013651,0.2013557924208209,0.07668841525063685,-0.055320952203579216
5,-2.0,63,0.6711952699680683,0.09320607992798123,-0.48343835117559486,-0.721791101218475,-0.1099165232384775
5,-2.0,64,0.8354955888678521,0.5810176661041766,-1.0114507992812705,-0.7913892061016292,-0.01780660457994427
5,-2.0,65,0.09153108856578998,0.8085468288355415,0.6375678299904781,0.14679892233402048,-0.7383232627248095
5,-2.0,66,0.7584091846144714,0.3403250557786578,0.5699005914957862,0.2380465208476168,-0.022139878186834605
5,-2.0,67,0.24879304704613653,0.9190250479838817,0.5328395503234116,0.09588513430066026,-0.08605656487793967
5,-2.0,68,0.20033850136719544,0.7457026603363045,0.50066714964747,0.1367252469353738,-0.047122441797204755
5,-2.0,69,0.5710078183416436,0.5725825486469651,0.27845929329964836,0.13611200643293708,-0.02752044290293093
5,-2.0,70,0.10379826628013936,0.74661110901706,0.5228555916615547,0.10322618740041833,-0.3839940092498586
5,-2.0,71,0.8776202897496368,0.0875659815234411,1.508929460005339,0.35445816839694455,-0.10528010012382955
5,-2.0,72,0.6247039926102433,0.8522012941669992,-0.5109951107297181,-0.42395436992340674,0.19486399264244947
5,-2.0,73,0.7189480310261557,0.8150740309365467,-0.9242232211455956,-0.6582971917881366,0.1760244343184831
5,-2.0,74,0.025806622561116495,0.9016742264180047,0.8632473121814925,0.22382467222350821,0.3305734967627608
5,-2.0,75,0.5925432418561416,0.13605857355919243,-0.4195622975825035,-0.5460025708106446,-0.08638058338449511
5,-2.0,76,0.555649488546403,0.0901444853521055,-1.3618850423265396,-1.1421845893696991,-0.07505423664616326
5,-2.0,77,0.1657804512618283,0.14564726132595798,-2.233812456282541,-1.3791220737106693,0.1896206175037616
5,-2.0,78,0.16000910482227765,0.4013911359007441,-0.36659322427909746,-0.33836990004517853,0.1635216116666598
5,-2.0,79,0.6916189381954927,0.4258207238593721,0.41389588712977865,0.20028630443707796,-0.00801708209393931
5,-2.0,80,0.3223910978542388,0.5609740111562875,0.3217355274058167,0.12759478192396134,-0.04951737121331306
5,-2.0,81,0.6881308896211833,0.12979867863985495,0.14736853074654732,-0.2530363412537602,-0.08803172912015086
5,-2.0,82,0.5532955847234167,0.20737151135374346,-0.028150221414463772,-0.18590606657606124,-0.068588373295128
5,-2.0,83,0.3911715626406817,0.8054114613183411,0.29802241796606443,0.04919608609031134,-0.25402192770409204
5,-2.0,84,0.9166298398217063,0.4686278225756144,-1.65747498685427,-1.2959007151640325,-0.058238033680013
5,-2.0,85,0.8348365969744619,0.801779445293938,-1.8778668369018456,-1.1986794338012756,0.18665959729119017
5,-2.0,86,0.3602496153495127,0.01727785097372077,-5.679092806342792,-3.2746562289470473,0.13231081821304003
5,-2.0,87,0.05271963452305974,0.5505608714627573,-0.01776845438972563,-0.19499934790160833,0.2553697804320704
5,-2.0,88,0.30867271194287554,0.9232935051151445,0.40108155528930434,0.031051460382735208,0.22609129475222056
5,-2.0,89,0.40022196827962137,0.5805319499629527,0.3698270937026531,0.17954670245915572,0.08622009140098777
5,-2.0,90,0.700859653842335,0.21197381289636869,0.67527094427356,0.26015665942939625,-0.03340843240872057
5,-2.0,91,0.985451312393337,0.7134024110339664,-6.349278320760314,-3.557352155041384,0.1764233119703678
5,-2.0,92,0.35879656840311036,0.38140613270493934,0.0309164596124214,-0.048658183489665774,-0.10005162679834965
5,-2.0,93,0.7572968575097251,0.6650162683142706,-0.6885380118583821,-0.538385316813148,0.004026087873649931
5,-2.0,94,0.5913133782309767,0.038733328435895845,-2.737713050818213,-1.9806359175600132,-0.08775047397630478
5,-2.0,95,0.6878677627261736,0.633182352164329,-0.1988336507503874,-0.2124640225866008,-0.07378067010071218
5,-2.0,96,0.15810490330111862,0.04155397623916552,-4.7483852447923685,-2.6705615448092805,0.17048664509163708
5,-2.0,97,0.4008987668716334,0.7398850420389306,0.32813478706109533,0.09950821125029585,-0.1583010716505203
5,-2.0,98,0.246038779769152,0.473454742193686,0.05758526130153996,-0.058755393683435075,-0.12073196755162083
5,-2.0,99,0.34658689376735846,0.12931926836359262,-1.77118767960879,-1.2095357512448297,0.07796359380858464
